{
    "Blur": {
        "mAP": 0.697591374030192,
        "Rank-1": 0.8070071339607239,
        "Rank-5": 0.8809382319450378,
        "Rank-10": 0.9008313417434692,
        "Rank-20": 0.9263657927513123
    },
    "Edge": {
        "mAP": 0.011418638210638378,
        "Rank-1": 0.023456057533621788,
        "Rank-5": 0.0599762462079525,
        "Rank-10": 0.08551068603992462,
        "Rank-20": 0.11906176060438156
    },
    "RAD": {
        "mAP": 0.001484206721596785,
        "Rank-1": 0.0005938242538832128,
        "Rank-5": 0.005047505721449852,
        "Rank-10": 0.010095011442899704,
        "Rank-20": 0.020190022885799408
    },
    "SDInpaint": {
        "mAP": 0.019830920459727643,
        "Rank-1": 0.054631829261779785,
        "Rank-5": 0.13390736281871796,
        "Rank-10": 0.17191211879253387,
        "Rank-20": 0.2226840853691101
    }
}