{
    "Blur": {
        "mAP": 0.39420321924359136,
        "Rank-1": 0.6754750609397888,
        "Rank-5": 0.8269002437591553,
        "Rank-10": 0.8741092681884766,
        "Rank-20": 0.9076603055000305
    },
    "Edge": {
        "mAP": 0.009327786640794292,
        "Rank-1": 0.02197149582207203,
        "Rank-5": 0.05671021342277527,
        "Rank-10": 0.0899643674492836,
        "Rank-20": 0.1321258842945099
    },
    "RAD": {
        "mAP": 0.0014874109102942473,
        "Rank-1": 0.0011876485077664256,
        "Rank-5": 0.003266033250838518,
        "Rank-10": 0.009501188062131405,
        "Rank-20": 0.02048693597316742
    },
    "SDInpaint": {
        "mAP": 0.017237329136600678,
        "Rank-1": 0.049881234765052795,
        "Rank-5": 0.13153207302093506,
        "Rank-10": 0.18200711905956268,
        "Rank-20": 0.24554631114006042
    }
}